Bank_Name,Branch,Address,IFSC_Code,Contact
State Bank of India,Madhapur,"639 Stone Passage
Shannonshire, PA 47532",IFSC4621,471.395.9972x3105
State Bank of India,Ameerpet,"7497 Andrew Roads
Lake Leslieshire, DC 40148",IFSC1743,(195)779-3237x9880
ICICI Bank,Madhapur,"5281 Brandon Roads Suite 218
East Lanceton, UT 33830",IFSC7697,001-386-642-5700x78951
Kotak Mahindra Bank,Begumpet,"PSC 6713, Box 7681
APO AE 98487",IFSC1489,403-957-4607x96566
HDFC Bank,Begumpet,"4969 Katelyn Court Apt. 352
Lake Amyborough, OR 91544",IFSC1895,001-246-064-6154x80915
State Bank of India,Banjara Hills,"34797 Valerie Villages Suite 965
Lindsaytown, PA 45839",IFSC6535,001-844-176-9880x812
State Bank of India,Begumpet,"8231 Escobar Place
East Robertside, WI 70187",IFSC5707,(765)169-2131
Kotak Mahindra Bank,Banjara Hills,"82606 Moore Divide
Ericksonburgh, NC 62668",IFSC9267,(122)678-4050
State Bank of India,Madhapur,"3845 Brandon Ridges
East Pennyhaven, NH 33879",IFSC4275,475.259.1130x1336
State Bank of India,Banjara Hills,"89660 Steven Turnpike
Martineztown, CA 55168",IFSC7515,001-517-196-1448x9427
