Event_Name,Date,Venue,Organizer,Registration_Link
Financial Planning Workshop,2025-03-05,T-Hub,Carter Ltd,https://rosales.com/
Crypto Trading Meetup,2025-03-07,Cyber Towers,Moore-Edwards,https://www.henderson.biz/
Financial Planning Workshop,2025-03-01,Cyber Towers,"Nguyen, Jones and Gutierrez",http://www.rubio-wilkinson.com/
Stock Market Basics,2025-02-28,T-Hub,Mendoza-Rodriguez,http://lester.com/
Financial Planning Workshop,2025-03-10,T-Hub,Jacobs and Sons,http://www.delgado.com/
Financial Planning Workshop,2025-03-07,Cyber Towers,Sosa LLC,https://smith.biz/
Financial Planning Workshop,2025-02-23,Cyber Towers,Nelson and Sons,http://lee.biz/
Stock Market Basics,2025-02-26,T-Hub,"Gutierrez, Miller and Brown",http://www.taylor.com/
Crypto Trading Meetup,2025-02-26,HICC Novotel,Campbell-Cunningham,https://thompson-wilson.info/
Stock Market Basics,2025-03-21,Hyderabad International Convention Centre,"Casey, Adams and Davis",https://franklin-page.com/
